Country,2000,2001,2002,2003,2004,2005,2006,2007,2008,2009,2010,2011,2012,2013,2014,2015,2016,2017,2018,2019
Afghanistan,-6480.330100000000,3673.8078000000000,4709.8533,5100.6377,4307.1019,15026.9923,7059.174300000000,8897.1676,15338.2718,24094.3183,29993.7298,41099.0264,35239.134,39281.2476,26340.0356,26847.1668,24755.1269,28355.1053,29805.0673,32236.8191
Africa,10252065.8997,10346774.227400000,10350579.413900000,10537489.1223,10745404.6316,10891740.1573,11023891.7347,11162945.1926,11307392.5277,11348960.1811,11419922.795,12928695.1562,12987520.3478,13134109.0313,13432951.1408,13291139.9432,13573882.8338,13736339.6967,13844245.2258,13951224.0571
Albania,15640.883,10309.038200000000,11666.409600000000,12355.0515,12952.605,12999.5851,12380.301600000000,12121.8313,13063.070900000000,12483.8477,12851.005800000000,15857.1401,14263.5983,15781.2147,18197.4774,14360.7529,16298.856,19675.0773,18216.5765,18639.8668
Algeria,302235.7408,280763.7658,302316.6339,307762.5566,301100.40840000000,361573.7267,335652.8439,364446.3634,367135.6373,402054.2106,394222.1517,413151.2282,452387.29110000000,498755.563,543022.307,576599.3866,585718.497,596461.3012,634557.6631,648926.4231
American Samoa,-179.8677,-133.5364,-133.5364,-133.5364,-133.5364,-133.5364,-133.5364,-133.5364,-133.5364,-133.5364,-133.5364,-117.06700000000000,-117.06700000000000,-117.06700000000000,-117.06700000000000,-117.06700000000000,-136.9145,-136.9145,-136.9145,-136.9145
Americas,37663934.1962,38452994.5092,38579436.2449,38920041.6468,39279343.2772,39667235.4705,39553969.5556,39953866.2152,39712363.4596,38242506.2302,38919741.9272,32000656.5069,31587705.8048,32143060.1473,32504116.7249,32113793.5978,31918545.9621,31775917.6539,32193787.345400000,31695838.1241
Andorra,1771.6074,1776.8165,1797.2424,1801.8581,1881.2667000000000,1925.6734,1826.3935,1807.0772000000000,1801.6166000000000,1717.2621,1722.2613000000000,1637.0042000000000,1621.2765,1584.8767,1537.3503,1547.1068,1560.7446,1550.4107,1515.2216000000000,1460.2168000000000
Angola,119480.7445,299512.41970000000,300078.4144,305672.03520000000,300170.4413,299056.6341,303517.3923,306054.41950000000,311003.8625,317321.30210000000,325044.1895,329331.3816,335441.6534,335796.4762,371124.3149,344176.8202,346853.738,347627.1633,335770.9037,341411.6494
Anguilla,313.4647,339.7045,335.5367,363.0013,429.0919,450.9048,506.78250000000000,530.7713,528.1115,517.5023,532.4946,510.5402,505.6745,429.3276,498.2963,553.1102,557.3207,513.9327000000000,532.9499000000000,555.9484
Annex I countries,44540968.600100000,43058112.135,43194588.7161,44063759.168,44634500.7819,44890133.5331,44947233.4873,45189270.8935,44257980.9768,40840402.592,42308702.8669,40049215.7548,39428563.8794,39436978.146,38983512.8853,38702459.1514,41066737.4494,41262880.1736,41871317.5726,40923357.533200000
Antigua and Barbuda,1034.8331000000000,1041.5081,1139.4613,1219.3515,1273.8039000000000,1300.3709,1341.2366,1416.5054,1445.2784,1544.365,1583.6363000000000,1568.7701,1612.7256,1638.5307000000000,1634.6299000000000,1638.8445000000000,1728.6526,1758.7719,1827.5993000000000,1894.3292000000000
Argentina,930849.2292,1285625.6141,1258881.1377,1297959.143,1375190.6618,1401222.6104000000,1427085.0396,1435404.9477,1492088.9016,1455395.8524,1579943.7985,1274809.9287,1370270.0558,1290175.2059,1284066.1858,1296557.5575,1017916.9599,1010451.1986,1001587.0264,972239.2288
Armenia,12726.0403,13744.7328,12269.2533,13691.5376,14605.361500000000,16935.2993,16561.107,21269.1316,23224.5287,18634.5324,17176.9998,18895.173200000000,21615.2177,20212.7125,19889.122800000000,18843.7434,19522.1756,20706.2352,24917.324400000000,23732.6096
Aruba,7694.8995000000000,7806.7699,7849.5106,8241.642100000000,8457.1365,8759.1011,8745.041800000000,9056.6001,8518.551500000000,8460.8016,8094.9453,8149.4274000000000,4639.6722,3177.1279,3197.4202,3272.2738,3230.4969,3398.2063,3502.3029,3628.6156
Asia,35994375.7963,34408030.6351,38547797.9358,39810238.1906,45163939.8923,46264714.4201,51311572.9236,50833011.5762,53531518.9541,57494855.4682,58893247.1627,63923666.7399,66380505.5229,67326169.3324,70594458.4753,71271014.4788,69129777.6047,70348932.2352,73261456.4163,75637229.4105
Australia,1630840.3735,1593261.8098,1630205.1423,1628113.5618,1626408.8778000000,1688192.3889000000,1731948.016,1779940.6045,1793229.0782000000,1810181.7607,1808192.1153000000,1287441.0065,1230968.2639,1192024.2591,1153810.3261,1143587.8362,1241269.1641,1218129.9031,1233610.4144000000,1250840.9089000000
Australia and New Zealand,1586253.8531,1528312.5617,1578913.6640000000,1569188.9019,1593473.4394,1617525.3974000000,1665435.1367000000,1692518.2474,1734761.7603,1763397.0054000000,1772010.5944,1324213.8819,1309277.3654,1277328.7512,1253279.0495,1266193.1404,1430569.346,1422319.0123,1419382.8368,1444428.6625
Austria,138566.4622,170408.2087,185920.0152,221400.6274,211339.3851,213693.7946,221050.5525,212048.6128,212604.1513,189296.5141,204402.3952,192109.26,183162.305,186344.01380000000,175445.6128,182261.8302,182982.1605,189847.6215,182664.30480000000,189858.65230000000
Azerbaijan,128334.796,123562.426,123305.69640000000,108871.55230000000,114252.3524,124158.7195,114377.84960000000,104500.7995,113932.66640000000,96799.6495,91204.16380000000,93596.32800000000,99958.1679,100370.1317,109402.79310000000,110904.9219,116413.8434,112408.122,118069.6715,121021.66640000000
Bahamas,5714.179700000000,7896.4415,7981.858400000000,7973.3823,8000.227000000000,7201.5237,6708.3651,6804.5099,8300.1172,5973.515,8343.543800000000,6701.5831,7205.9019,10509.0847,8616.9604,7520.5051,6757.2219,7284.6659,7669.1602,7925.6489
Bahrain,68678.7175,54568.8822,60480.888400000000,62668.54520000000,66163.9041,74005.8752,75157.4022,98157.8772,108164.4012,103274.4849,105187.18550000000,104196.3078,100028.8927,112974.6513,112792.5834,117244.4504,114569.4821,118538.1208,96263.5947,97733.0001
Bangladesh,236486.02610000000,285508.3356,260321.3049,267533.3008,276292.2544,301928.0969,295943.2719,301218.0058,309452.8956,319746.7047,333774.6414,351550.4638,366642.6548,365358.5545,380335.9305,401538.027,406186.6839,422809.7944,443140.3698,469753.4765
Barbados,4106.6552,4145.8887,4140.0962,4324.1794,4402.6786,4566.3060000000000,4655.0942,4751.9072,5524.8146,5508.1004,5078.8903,5301.75,5156.5981,5061.0776000000000,4507.6014,4499.3929,4577.4155,4234.2021,4363.4783,4564.8917
Belarus,199827.9655,221823.52530000000,227989.6569,236439.77490000000,244288.14530000000,245429.0648,250773.66590000000,242020.3061,250138.2989,228979.8891,234455.40060000000,287043.0306,288996.92100000000,292279.2109,297119.1386,284676.986,262437.2773,275840.6897,286847.1189,299046.6344
Belgium,384895.8324,383572.1984,363320.1625,388902.4692,383645.0474,370768.3096,364630.9397,351601.6372,356627.3456,348303.55590000000,377780.2226,354239.2833,338522.7426,347912.5071,332385.61340000000,345412.6859,342246.0347,343738.4257,360832.2531,353008.23490000000
Belgium-Luxembourg,0.0,0.0,0.0,0.0,0.0,0.0,0.0,0.0,0.0,0.0,0.0,0.0,0.0,0.0,0.0,0.0,0.0,0.0,0.0,0.0
Belize,55072.273,24221.2137,24188.5007,28400.025400000000,23965.2252,24140.287,28581.1677,24378.4784,24246.1825,29259.480900000000,24673.4457,40270.1256,39940.4764,40013.316,40007.688500000000,40679.988,38843.4673,38933.7692,38857.9306,39062.5271
Benin,96178.3286,81988.7208,83538.416,84644.5764,85482.0264,85558.1273,88523.987,90577.5066,90666.0596,91828.5368,93493.1416,92735.6583,91712.7826,92006.8612,93159.3931,95378.1621,98045.06020000000,99962.51000000000,101193.4738,101244.1743
Bermuda,134.6058,132.4405,146.155,143.33530000000000,147.40030000000000,162.7724,193.494,172.175,164.2573,167.0272,167.0453,149.6103,144.7654,144.5788,153.5285,135.1092,196.0848,130.4254,173.5948,177.60970000000000
Bhutan,-31223.0364,-24931.749800000000,-24785.3828,-24912.454600000000,-25131.002700000000,-24840.736000000000,-24834.613000000000,-24822.515200000000,-24633.762500000000,-24082.6457,-23687.503400000000,-1848.2974000000000,-1633.8788,-1397.2248,-1136.8083000000000,-8779.5566,-233.64860000000000,179.9646000000000,252.13360000000000,798.8524000000000
Bolivia (Plurinational State of),601686.3336,431871.2868,469619.0741,440902.3615,476894.8059,444967.56190000000,451782.1078,443795.2965,447179.1319,448719.7341,452812.0413,478072.0012,484648.5947,484772.0475,489018.8318,488600.4935,545742.1707,549718.4005,548588.1684,548355.4450000000
Bosnia and Herzegovina,51640.828,38798.2164,48998.401,49702.589,53752.197,55732.2558,59989.8264,60648.418300000000,69082.4742,70812.2635,73276.8591,66208.7385,60828.6873,52902.1752,45690.033600000000,49585.1922,67436.8914,68183.6569,67351.6316,67773.7457
Botswana,257918.6026,301401.0873,301891.1905,301708.5199,302162.2409,303048.0813,303893.7582,304715.0049,305741.8737,303782.3039,306010.3274,304246.7332,307584.3603,309429.5276,313460.3993,281544.0664,312138.8068,314567.0842,314491.12100000000,315018.3592
Brazil,11253357.6471,12508718.6085,13122720.131100000,14015813.261600000,14269027.1009,13126892.7831,12152296.3632,11953591.5301,12198748.847000000,11236711.6005,10631919.7198,5446217.2729,4601041.5298,5726037.7267,5662937.0648,4925225.137400000,5530633.8224,5289035.0412,5226146.181700000,5225970.5552
British Virgin Islands,430.9687,441.7457,464.4723,503.35830000000000,549.5508,630.9737,645.9727,661.7536,670.8192,677.8189,704.7547,723.1786,722.5865,730.7848,764.7882,763.8293000000000,765.6134,606.7404,620.9143,654.3432
Brunei Darussalam,22529.2939,23075.1799,21526.7143,22849.9159,23722.079000000000,24011.4145,23717.7434,35663.0712,38578.9663,34082.9371,32017.3765,33821.874300000000,33498.6074,28188.1723,32404.1837,26308.8829,28333.9644,32976.0387,34171.635000000000,37696.9956
Bulgaria,38471.186800000000,47712.2263,41142.0377,51163.059000000000,46845.2447,55603.3215,61786.3039,73140.0019,67052.1294,39844.7867,46282.228300000000,105561.682,91957.7366,77023.1062,84275.3294,93109.4427,5328.972100000000,13098.125200000000,3621.337100000000,-841.555100000005
Burkina Faso,76095.6806,91993.7064,92030.7564,91864.8591,91927.8697,91996.6847,92894.77800000000,93886.6814,94267.6124,94655.49770000000,95365.0035,51026.5461,52735.5655,53804.6192,54014.0036,56797.785300000000,130276.07910000000,132521.8853,132106.071,132598.4183
Burundi,37603.6293,22793.6622,22793.7259,22549.7128,22566.5968,18098.0093,22624.4509,22710.4487,22722.3574,22594.828,20796.827700000000,3502.5413000000000,3578.5573000000000,3635.9244,3541.7981000000000,2294.7138000000000,23404.2058,23609.6957,23729.9482,23423.8041
C?e d'Ivoire,424406.4508,208389.4932,207785.24800000000,201297.5225,207865.2916,208432.5422,206859.4851,206675.0588,207621.8751,205790.3932,207861.5219,208601.7401,215620.50680000000,220218.8326,221548.2262,221196.7168,230038.9125,230232.6767,229895.1322,230664.7764
Cabo Verde,-1183.1573,769.8382,906.5779,899.4793,979.9127,1395.1105,1519.6897,1627.3982,1485.5720000000000,1669.72,1784.5673,1992.3503,1610.4883,1618.1255,1603.1326,1620.0694000000000,1793.167,1903.0712000000000,2421.1766,2478.8001
Cambodia,12761.513000000000,36046.029,35886.501000000000,36498.6805,36722.407100000000,37844.6065,38610.9221,40412.6791,41740.6866,44226.5243,46097.7074,516598.4843,517742.4225,518286.8252,521420.6782,528218.1102,246278.6122,253826.9772,259304.6319,268149.4114
Cameroon,310946.84000000000,308779.9006,308145.5667,309471.2128,309440.7724,308393.092,308523.3611,314725.95760000000,314605.9693,318853.4355,319135.115,263587.8105,262405.1933,259938.478,265859.8787,269417.8906,270957.9203,268789.45070000000,269672.32790000000,269729.353
Canada,2411307.5334,3306711.6903,3310353.9051,3426372.0263,3468236.2465000000,3521467.0995,3551932.1141,3560234.6928,3501451.2429,3373970.4237,3392167.7138,2679005.4419,2666788.522,2724679.4271,2789370.2154,2829498.4636,2430990.8666000000,2502434.8885000000,2539603.8201,2534897.4158
Caribbean,321828.90490000000,340130.8637,359881.036,376424.8484,373696.5666,408002.0713,447666.0294,448107.59110000000,449406.4545,438061.0918,461535.4584,465826.5586,457451.1601,453065.81430000000,446299.1044,458599.35970000000,474651.1937,466764.4606,469115.86330000000,471670.6729
Cayman Islands,49.528,39.488100000000000,38.9137,39.5661,39.460500000000000,40.406300000000000,46.7791,50.8155,50.6807,46.709200000000000,44.7859,16.1802,12.8245,13.1277,12.7726,12.3805,3.9033000000000000,4.651300000000000,5.9413,6.174200000000000
Central African Republic,98623.9888,98567.9371,98570.6776,-1668055.7271,-1668054.2951000000,-1668051.8434,-1667981.6103,-1667953.1021,-1667961.5591000000,-1667962.4110000000,-1667937.5855000000,98718.5919,98770.7446,98742.2047,98757.9569,98772.3683,98806.88990000000,98814.8546,98858.6116,98945.0026
Central America,2139834.1984,1759970.9850000000,1758273.0692,1846140.4555000000,1835418.4726,1930622.8262,1983625.1872,2045900.4277000000,2181942.5876,2085936.3526000000,2000871.1799000000,2219636.3322,2234558.2841,2258351.9094,2251068.0128,2225838.8676,2296610.3814,2262962.8254,2235073.8796,2202706.549
Central Asia,1028985.7713000000,1030307.0357000000,1067409.1245,1093095.4222,1198619.5367,1192556.0462,1279723.2972,1372013.4706,1452334.8017,1305149.4532,1423387.1536000000,1511186.1064,1491503.6559000000,1525604.1996,1457247.1551,1437972.6511,1492381.0685,1533073.7278,1677218.008,1677212.6749
Chad,9911.886200000000,73966.53050000000,74821.7434,82002.15820000000,119821.575,119901.4146,120019.4164,120335.8429,120313.4912,120288.4907,120415.488,185130.7219,183907.8205,184218.4627,185405.8865,184977.9049,168239.4588,168207.65900000000,168184.0187,168363.6736
Channel Islands,0.0,0.0,0.0,0.0,0.0,0.0,122.3648,109.4716,113.0644,104.9568,93.894,91.2408,89.3276,88.6684,88.0116,65.5448,62.8052,69.6536,75.4564,72.9456
Chile,69435.07510000000,40883.0619,48912.8924,51698.0092,64720.80920000000,68768.4088,55951.0789,99485.6869,100798.8972,86333.2344,27592.803500000000,-53336.05510000000,-47476.6318,-121664.22490000000,-55520.99740000000,-42723.953100000000,-12154.145600000000,67576.4743,-57331.73240000000,75265.52720000000
China,11570953.2558,11906327.2605,12939097.1429,15290142.440300000,17583836.4772,18957853.3101,21854769.3343,23588876.3118,25110055.7039,26429125.4872,27838556.383,30309941.9411,30577860.7026,32033391.2172,31252005.8987,32173509.311500000,32143669.0354,32898726.9907,33694152.933,34529320.6609
"China, Hong Kong SAR",144180.5717,134689.4463,137438.0136,148626.85990000000,140751.9177,147707.3691,141123.8405,146181.4627,149165.4551,147852.9815,143105.3221,152593.8854,151412.25210000000,155976.6428,159605.1495,150722.315,154161.0369,151807.175,153009.92440000000,142743.14490000000
"China, Macao SAR",5647.2052,5785.9089,5277.198900000000,5283.3318,5899.4902,6281.2822,5634.4588,4991.3345,4271.6131000000000,6701.4699,4715.058300000000,5604.2808,5187.2573,4828.9905,5818.8425,7520.767,6767.4663,7277.5492000000000,8115.4555,8695.3797
"China, Taiwan Province of",750911.9703000000,762462.4572000000,799813.9116,821458.6026,852613.9176,869925.3216000000,851207.6319000000,933452.6397000000,889883.8974,849036.6348,908869.3596000000,925356.1389,887797.5234000000,898908.8577,916398.3618000000,895630.9380000000,921464.856,941507.3178,937582.6641000000,920449.4499000000
"China, mainland",10670213.5086,11003389.4478,11996568.0191,14314773.646500000,16584571.151700000,17933939.3376,20856803.4032,22504250.8748,24066734.737800000,25425534.4013,26782146.6426,29226387.6384,29533615.666600000,30973676.7205,30170273.5416,31119635.2884,31061275.6732,31798134.9437,32595444.895000000,33457432.6826
Colombia,883709.3339,779771.6568,775187.4791,780684.8657,810760.0526000000,786596.0444,792883.2522,790636.7487,810074.8632,832735.0576,845926.0307,662612.1246,675956.4489,719010.8745,723596.2707,717609.407,938718.5614,914404.4393,921964.5599,940418.0818
Comoros,-2361.7795,828.2476,824.6585,916.5696,921.4151,906.6737,991.3362,783.6125,795.8226,893.3352,989.3428,910.038,935.6597,1054.2366,973.1373,1030.5847,1146.9482,1287.4289000000000,1330.3671,1228.4099
Congo,-9802.110700000000,71962.9787,67159.9167,69508.1677,69656.1008,71868.3144,73404.4311,71640.6896,72145.0889,74270.428,75588.0808,74956.2164,77066.5426,80129.6473,79344.5711,79772.092,86522.1159,85465.9317,87041.4747,85082.3165
Cook Islands,75.4543,99.2387,61.1875,84.1103,144.18540000000000,172.0746,154.0155,153.212,156.03640000000000,147.4025,179.4032,213.6663,223.8592,220.81370000000000,232.68880000000000,217.4604,212.7013,230.423,243.3408,271.6603
Costa Rica,35582.9372,19525.333,21104.5039,22157.463500000000,21979.8329,19478.311,24570.7002,27525.3981,27461.119900000000,26322.9639,25899.898700000000,-2664.8865000000000,-2747.2916000000000,-1688.8600000000000,-1517.4229000000000,-2353.6640000000000,-466.8769999999990,793.5929999999990,1455.118700000000,3847.767600000000
Croatia,53652.494600000000,55943.322,59397.743700000000,65496.6745,64704.7825,66906.6801,68015.42,73880.9754,70132.5667,61389.9069,59726.490100000000,57438.0778,51685.65240000000,52063.3165,50968.4605,52969.0927,43507.777,47080.4409,43176.8546,44196.640400000000
Cuba,35085.236,47197.9469,48339.3103,59792.3692,58213.08930000000,60788.3937,61819.408000000000,58091.0192,64162.1175,68008.7979,85002.4409,60528.912300000000,60945.4467,55942.6943,50318.2609,56929.5083,94966.4646,85911.0967,87578.6935,90880.73450000000
Cyprus,23550.0556,22246.2854,22531.5095,24674.4856,23470.8334,23846.1216,24816.3034,26251.4716,27063.647300000000,25684.343400000000,24359.2257,23317.5989,21923.470700000000,19774.9318,20971.6055,20865.9851,23030.8079,23027.9725,22689.6224,22656.3206
Czechia,374230.4678,385414.7906,370363.5792,379339.9542,364745.522,371009.0898,381720.9185,386756.331,360206.8169,329481.2369,346709.1318,343713.3595,329617.1644,324954.15760000000,311683.1613,321019.9854,320191.5952,324246.9447,333941.6919,338968.6676
Czechoslovakia,0.0,0.0,0.0,0.0,0.0,0.0,0.0,0.0,0.0,0.0,0.0,0.0,0.0,0.0,0.0,0.0,0.0,0.0,0.0,0.0
Democratic People's Republic of Korea,271970.8585,257336.9005,229187.2218,247820.0142,250970.599,261874.13660000000,264872.2592,223986.16340000000,243907.2788,188680.9278,177504.5006,140729.5548,143551.1716,110374.1355,124915.5809,106576.4429,116529.3807,98472.9584,100268.8472,104885.9077
Democratic Republic of the Congo,2780117.8781,2779877.4641,2780221.009,2781563.2166,2781342.6665000000,2782289.4435,2773725.7875,2780608.3603000000,2801921.1059000000,2810065.8757,2820025.933,4221188.2284,4220122.0123000000,4224023.0202,4228014.5487,4221701.9174,4219106.4032,4220464.3466,4222001.434,4222186.224400000
Denmark,206833.3186,209272.6208,206761.2603,218622.3833,201398.4652,190074.0479,215561.1473,199807.5056,188899.4099,177069.4304,180156.1776,153632.7522,136896.55960000000,142265.4,128873.1875,121026.6093,144747.64290000000,138237.1359,141082.39060000000,130806.0291
Djibouti,-5249.9671,1536.6542,1639.7806,1646.7961,1490.2163,1516.56,1518.4019,1679.7786,1810.799,1683.049,1878.0977,1732.8307,1802.1084,2021.364,1468.0862,1650.7334,1488.8365,1529.5604,1604.4416,1566.077
Dominica,728.3639000000000,316.3976,282.79680000000000,337.4344,415.1334,410.6236,541.659,655.8373,601.5916,584.0842,598.1361000000000,571.8867,587.5218,606.5218,627.8818,627.6800000000000,613.5974,-2210.0404,570.5256000000000,591.7534
Dominican Republic,22489.1562,61970.2622,67778.3912,68055.1982,56770.984200000000,59492.7637,62343.1838,64433.5895,65052.6147,61699.6431,60920.994100000000,73548.8227,74684.7098,76981.3674,75867.1875,81474.153,87581.0312,87596.0287,88054.2451,90619.7017
Eastern Africa,1768691.6968,1894047.6544,1888771.234,1884742.4351000000,1883330.5574,1898272.6364,1910527.8487,1915403.1702,1911944.095,1915784.2168,1926055.4997,1870862.9315,1944108.8238,1975068.8093,2001593.4233,2014847.0589,2399428.4512,2413460.5725000000,2420309.1466,2421382.3331
Eastern Asia,17537727.3149,17624275.2427,18788481.206,21195276.0424,23601853.1499,25686302.1969,27778409.4578,29606994.7201,31057549.0925,31967612.9262,34807085.8197,36609665.533,37635715.7231,38509535.0363,38743083.302600000,38335719.429,38436341.489,39205634.4995,39943305.7904,40625299.1168
Eastern Europe,8209610.365800000,6367186.9819,6260110.9439,6609966.4003,6617541.794,6800698.1994,7024474.5697,6979958.727,7056027.7103,6228225.665900000,6688089.6706,6517765.2098,6544279.7117,6300240.1783,6151151.75,6028221.483,7742787.4173,7765397.5733,8028475.1409,7863613.6257
Ecuador,386860.54950000000,328170.9216,333083.4257,340702.79470000000,348343.1273,355333.81650000000,352541.2802,366217.7218,355411.7661,362077.5083,396077.8928,307734.06440000000,324075.1727,312406.2264,326271.24570000000,280989.5119,330906.3922,331771.2079,341000.8161,336602.6497
Egypt,543669.0334,501657.3432,516242.19070000000,566944.3662,571204.4639,636831.863,674562.3815,707296.3189000000,719984.5855,746643.7983,761284.7444,810378.6611,796813.2435,812389.4322000000,864841.6954,845137.0008,889238.4871,949874.8227,943585.7575,957156.2266000000
El Salvador,28156.3326,28850.4393,29561.6691,30841.2676,30500.9218,34587.3569,32757.0164,33140.4411,31390.1223,31072.0807,31040.1474,31596.303100000000,31547.1572,30226.3511,30489.4611,32654.2334,32147.7105,30042.569,33703.1778,35889.2276
Equatorial Guinea,52400.57,42799.9994,43337.098,45780.4666,50366.0806,53450.0698,53159.6848,50931.8311,54304.880000000000,52494.7107,53164.2846,55850.9053,53572.3067,52872.3779,51406.8102,48280.567,47120.9772,45550.104700000000,50825.2431,50862.834
Eritrea,14390.0569,6291.0164,6202.4711,6483.1990000000000,6469.8453,6435.1062,5731.4972,5771.9721,5289.3176,5590.1877,5598.1627,6118.3215,6308.5017,6369.7647,6405.8553,6433.7473,6219.4145,6345.2406,6592.902,6528.063
Estonia,65723.1895,69023.7411,66330.6976,70465.9841,75370.0396,79326.175,75109.2397,82096.0869,78171.7349,69356.7757,79361.32440000000,61233.6937,61099.6212,69832.0617,69768.5569,63089.7194,98304.3533,100795.6488,101458.3185,90769.058
Eswatini,6732.3415,6591.8163000000000,6320.8388000000000,5579.3036,5468.857800000000,5507.8402,5636.714,5757.4732,5779.3858,5800.6873,5704.522800000000,5701.4666,6274.076800000000,7423.0614000000000,5479.9768,6035.9516,7160.4343,6284.602,6417.268,6421.0195
Ethiopia,292259.1275,361826.4231,353047.1985,356892.6962,306620.4489,306077.9962,308378.0414,310437.1466,327112.344,322858.9303,327615.27640000000,362798.5612,293668.1851,294286.2631,275830.6288,278013.915,284185.7256,289453.9507,291582.066,290579.8478
Ethiopia PDR,0.0,0.0,0.0,0.0,0.0,0.0,0.0,0.0,0.0,0.0,0.0,0.0,0.0,0.0,0.0,0.0,0.0,0.0,0.0,0.0
Europe,20211818.798300000,18579920.0033,18412908.1367,19000267.5413,19073259.0978,19178573.585,19428685.0396,19170580.8682,19066864.214900000,17355701.451000000,18121775.1895,17421730.3944,17311475.8387,16936167.617200000,16238431.0303,16242973.3123,18248173.779,18279522.1719,18432696.1886,17951353.544700000
European Union (27),11481968.8827,11610178.495000000,11602641.7143,11847339.8691,11856000.1809,11814623.0382,11867532.6317,11742478.5042,11430627.3267,10515596.3253,10881750.918,9457583.7236,9148347.7416,8978041.9674,8555536.1726,8771714.3928,10151978.9519,10282887.998100000,10218642.817400000,9867065.9159
Falkland Islands (Malvinas),38696.3091,38650.2782,38639.4794,38637.1603,38639.5131,38612.7792,38612.7474,38606.9344,38606.899100000000,38605.6039,38606.8093,38606.7306,38606.6425,38613.7027,38614.0041,38614.3073,38614.8776,38614.9194,38614.4903,38615.8032
Faroe Islands,2890.6537,3101.3756,2982.2133,2947.3785,3023.3475,2967.1659,2827.65,2803.566,2556.7757,2435.0547,2556.5742,2431.9534,2523.8982,2665.9781000000000,2559.3471,2633.5963,2604.2169,2827.6089,2856.121,2914.2826
Fiji,-7028.349800000000,-6428.2893000000000,-7079.007700000000,-6585.1077,-13569.7804,-6448.7471000000000,-6011.9799,-6141.1976,-7058.1481,-7229.2766,-5852.915400000000,-6035.304800000000,-6344.6952,-5445.7464,-4386.4853,-2629.1221,-3032.9270000000000,-2044.6824000000000,-1605.0857,-847.1987000000000
Finland,80825.5846,216164.44160000000,230438.84280000000,253434.46890000000,247869.0409,202544.89250000000,230710.88760000000,244286.82260000000,211669.4877,173159.098,230970.9165,5388.422299999990,-25069.699700000000,-10463.553100000000,-15190.796200000000,-25454.27040000000,209914.95500000000,203802.8424,226885.7333,205606.4266
France,1266338.1955,1133196.4748,1103339.375,1113106.7917,1117744.0687,1119145.2235,1075722.7604,1059934.4729,1042056.2509,1010546.8702,1026471.2443,986668.3417,982227.4319,975325.3572,894284.4437,923931.5786000000,934084.6591,960590.5161,930327.7478,906718.9288
French Guyana,25225.6432,23782.3159,23756.9273,23747.7048,23879.4018,23917.12,23839.4624,23931.4788,23840.4203,23926.4741,23871.2363,18389.1029,18520.0409,18352.1632,18654.7188,18270.604,19098.1331,19063.2542,19028.3751,19038.588900000000
French Polynesia,-405.9988,-39.2332,-36.28320000000000,-28.258000000000000,4.575200000000000,31.975600000000000,56.336,125.64880000000000,145.5976,149.6764,237.06800000000000,369.6324,398.1476,420.908,435.0996,462.0904,479.3724,505.2644,535.082,559.786
Gabon,-20145.8117,41594.6424,40976.637800000000,43677.7229,41663.9859,40690.0955,38612.2966,37176.9455,38216.3631,38001.5633,39714.618,62101.3836,62314.936800000000,63237.5097,64702.8925,65054.45,65309.751,63315.4117,62905.6907,61976.0953
Gambia,4749.793000000000,4864.6193,4849.5765,4711.6745,4782.7695,4794.0906,4894.3475,4898.9327,4949.5528,5031.7616,5186.7998,5247.931500000000,5259.242700000000,5205.6093,5497.476000000000,5540.176,5571.1315,5574.9241,5939.9949,5980.9285
Georgia,-59221.7519,2339.0846000000000,1237.4539,2515.6637,4665.26,7343.7045,5682.778,7885.726000000000,4637.364600000000,6092.942300000000,7346.1701,26692.920300000000,28457.7265,26531.5923,33327.2852,35899.5812,37174.5314,33444.1833,33429.8034,34261.100700000000
Germany,2776000.4961,2959603.5017,2943678.6175000000,2922330.5652,2898245.7792000000,2839066.65,2896687.3111,2788467.9577,2753369.185,2544485.2362,2697247.3044,2556402.4946,2563589.6860000000,2619710.6769,2496252.0873,2522182.5436,2523073.2409,2507625.4402,2430904.9738,2289145.2707000000
Ghana,130184.0386,287015.42580000000,292680.01770000000,290159.37290000000,291901.3159,288171.8568,295116.0632,293484.53120000000,291522.7979,288975.48830000000,295461.4963,173133.77860000000,182858.5234,183525.9554,185636.1938,189962.93590000000,-21293.419500000000,-45973.8476,-33273.8839,-30899.290200000000
Gibraltar,61.5316,61.1884,59.1536,56.5868,60.0264,58.1628,59.5892,56.004,54.9992,58.8816,57.9072,53.0768,53.2212,58.0064,62.9824,68.834,74.9244,81.6096,87.0828,91.9028
Greece,320006.2848,327496.2612,327638.0025,338061.90280000000,340327.1949,345021.1904,339233.1422,342460.7983,338155.7121,319830.2215,293629.2321,290500.98,285965.6338,255337.354,251945.9955,240826.3378,232276.2921,193611.4819,236093.1952,227838.7451
Greenland,235.8076,236.26240000000000,236.26240000000000,217.03720000000000,394.0552,455.202,351.2328,565.2024,550.5424,497.1016,480.6332,495.71360000000000,555.8296,582.9004,536.7388,501.8388,553.346,584.2232,587.0268,597.0792
Grenada,708.6167,723.7952,754.4959,797.8148,757.6405,794.7805000000000,849.1341,879.996,887.3765,895.8596,921.0198,910.2634,962.8985,1079.4309000000000,858.3676,942.1289,970.4752000000000,1025.4816,1118.1467,1174.4645
Guadeloupe,1027.0223,1088.9438,969.0669,1206.1456,1127.781,1114.5266000000000,1127.8851,1087.5746,902.0129000000000,892.2292,897.1681,-137.11380000000000,-245.39020000000000,-225.60280000000000,-143.38970000000000,-117.54570000000000,572.4858000000000,594.3965,616.3072,638.2182
Guam,0.0,0.0,0.0,0.0,0.0,0.0,0.0,0.0,0.0,0.0,0.0,0.0,0.0,0.0,0.0,0.0,-633.6,-633.6,-633.6,-633.6
Guatemala,121726.7028,136577.6795,138520.7846,137948.4448,140092.6257,127835.2081,144598.7946,145361.1388,140906.1458,142880.0674,141760.7898,97125.5262,98642.2575,102037.50900000000,105360.8353,111756.1533,84112.8073,86971.1104,79756.075,83834.47020000000
Guinea,-364779.7706,83015.6027,83153.3191,82662.97840000000,82833.0781,83186.5743,83403.6686,83640.73270000000,83744.7527,84323.21860000000,85787.6104,85912.67140000000,85101.1729,84028.1281,84234.5547,85274.4138,94582.5263,95210.9375,97321.0192,97707.6609
Guinea-Bissau,11015.1307,11105.969500000000,11120.0408,11199.9789,11233.62,11268.1398,14913.5105,11343.6862,11328.2855,11379.324200000000,-1509.9088000000000,11412.5607,11432.1974,11460.5909,11521.434800000000,11570.6929,11636.2198,11626.3806,11866.9724,11898.6122
Guyana,-527.169399999998,4917.159600000000,5169.368400000000,5902.669200000000,9232.572900000000,62689.4212,62022.4656,63150.109,62774.6603,63404.9012,63156.258200000000,117242.0671,116945.0683,116625.0119,116921.35360000000,116944.7301,99982.5741,99846.1612,100684.4068,100578.4925
Haiti,8337.653,7834.0894,8642.7577,8406.2448,9193.0965,9481.0045,9614.2078,10570.7034,10570.1618,10141.0467,9633.9456,13848.8236,14082.3375,14614.6836,16064.5099,17496.4935,17119.8328,17299.4134,17641.6523,18047.105900000000
Holy See,18.996300000000000,19.008000000000000,19.3029,20.1753,20.4579,20.4381,20.1435,19.708200000000000,19.0005,16.8282,17.1066,16.7133,15.9126,14.514,13.6815,14.1417,13.8666,13.577100000000000,13.5348,11.941500000000000
Honduras,59463.972,57536.4991,58501.5628,61061.4833,62802.5938,54653.191700000000,62044.2132,67984.9663,67666.4219,66156.95140000000,66041.9361,72125.8675,73579.452,74111.2739,74604.5535,69819.805,72967.6191,74485.8794,75541.1069,78132.4108
Hungary,227575.7217,231333.9489,229373.4638,234361.5422,228742.1261,225469.5295,227698.4874,221783.4206,214253.8715,194352.6892,201766.0679,193786.2879,179519.7369,173403.8207,170085.0282,178863.4339,188339.17000000000,194601.7538,197613.0587,195127.0716
Iceland,23260.8415,23230.4399,24131.8935,24018.8477,24065.9799,23814.248,23684.4749,24296.459,25121.920700000000,25287.387300000000,24795.866700000000,23984.4531,23962.2546,24593.1817,24110.349300000000,24469.7746,24122.7169,24357.822500000000,24792.0793,23729.6614
India,2775164.1165,3982550.6444000000,4047846.916,4235793.3577,4473785.2923,4666517.3122000000,4948438.2269,5190787.7132,5624293.919200000,6198108.7893,6057011.5469,6267149.3071,6844611.6381,7269164.4603,7951530.1582000000,8150567.988,8234298.6501,8845353.7393,9266324.6519,9341811.7653
Indonesia,7140926.3624,2954725.6758000000,5820661.101600000,3795938.234,5956900.559600000,4579782.5989,6973688.3042,3705025.0762,3817228.4041,5953202.962000000,3733705.3333,7355035.4799,7652253.9803,7223950.329,9138750.8925,10457047.5227,5950599.2492000000,5651937.0452,7009602.131900000,8554756.248300000
Iran (Islamic Republic of),1276264.6379,1262449.2099000000,1285817.3002,1344340.8092,1449892.4536000000,1535837.0297,1698916.1904,1738874.7067,1843979.1518,1900541.7177,1960918.9343000000,2186823.5653,2242885.713,2238568.892,2354325.2008000000,2358259.6815,2404114.6152,2550528.4793,2637082.0544,2710464.2628000000
Iraq,272474.8546,312314.4873,322686.33630000000,343854.97610000000,382662.2437,389311.9077,326762.3932,214592.6034,316499.1168,355737.2267,381651.7298,462554.2122,518840.1913,558741.4254000000,553069.2875,552592.6273,637021.99,680858.664,795348.0817,754433.1256
Ireland,221246.0427,231013.00450000000,228353.5283,224166.7029,223107.8786,226294.4474,225551.28030000000,226589.5106,219391.5189,209561.35990000000,209409.50400000000,193148.872,193536.8896,191269.3497,189451.9089,195886.29380000000,198495.8335,195040.20790000000,194318.1421,189437.707
Isle of Man,145.2993,144.7533,151.12530000000000,151.43520000000000,150.8399,152.5479,152.2648,152.9361,155.1967,155.2105,155.22460000000000,153.6903,157.5249,157.77710000000000,156.3576,155.5214,155.4063,155.1696,151.4942,153.2463
Israel,208999.8246,218712.97,209290.885,219493.6392,211867.4141,205784.2037,221932.8469,225394.2391,239371.7179,227048.3669,240369.7052,241657.093,263110.9617,233215.72880000000,226696.6752,237231.7919,235098.1897,237992.89030000000,237948.801,245234.5527
Italy,1439538.9796,1422395.4108,1420747.44,1495133.6073,1497513.3868,1503529.0656,1479789.6685000000,1501650.5662,1418012.9275,1250838.5892,1254151.3279,1235300.1028,1157859.1695000000,1062814.136,986190.6246,1022232.8165,1100750.3719000000,1134357.9611,1112373.7665,1088136.1769
Jamaica,42152.5514,31595.9427,29700.3252,31208.4336,32406.0377,36709.104700000000,45917.4341,37890.230800000000,40623.8437,22112.9525,20927.7517,35955.326,32664.4818,38020.6226,33738.0511,35146.4159,36211.4599,33876.000100000000,38949.369100000000,40166.1196
Japan,3901617.2837,3739453.941,3826326.4692,3867245.6572000000,3935562.349,3890583.9075,3882168.4971000000,3929957.6355,3812827.273,3455311.7624000000,3669594.2145,3924577.0296,4061293.2507000000,4062233.6912000000,3959701.926,3811875.9978,3824656.5308,3817540.8448,3709978.7912,3617643.4902
Jordan,53979.1429,54245.2095,57223.707800000000,59149.5121,65003.026,70677.6315,71683.7659,74819.6806,72903.0755,75168.37700000000,72281.7362,75179.4202,83873.10950000000,84614.3816,91494.3271,89757.0734,85072.8291,91247.4564,74109.3071,74678.5853
Kazakhstan,510962.9142,533532.6501,524406.6607,518862.4146,603627.8335,604059.0323,658468.579,723598.0624000000,780203.202,716590.8986,819285.8407000000,820374.3896,774599.6162,811709.4392,760405.4255,746946.7162,813139.9879000000,863913.9735000000,958287.8089000000,932881.2594
Kenya,38838.9841,137515.34650000000,133196.7385,129477.5047,132170.0799,152677.7406,138481.2996,139672.3144,141036.3657,147766.9998,168122.8945,102728.095,99784.2855,102549.4886,105745.1094,113893.9112,28665.996700000000,26253.6904,28057.5204,26714.5304
Kiribati,128.9331,117.1317,155.8385,171.0149,185.02120000000000,221.1297,246.3032,217.5263,244.8528,213.9264,227.4258,218.62180000000000,207.2582,213.9099,230.8793,248.44190000000000,258.48670000000000,268.5981,281.8989,309.0532
Kuwait,177453.1389,191044.5461,196708.7245,204890.4115,215371.3456,243720.93210000000,250132.1587,255308.45680000000,277438.5401,291551.7946,298745.8223,291235.4331,332710.2985,321497.27,306111.4338,321653.8452,340459.5822,348786.5626,353026.5473,362555.1611
Kyrgyzstan,11964.6872,13608.631300000000,16762.6511,18329.227900000000,19685.4052,18374.0278,18269.408500000000,22269.255100000000,25427.0218,22742.6717,21323.3796,22847.0723,30660.0536,30500.1139,33026.7949,33006.7293,22020.5375,19942.8035,27909.0009,25775.4425
Land Locked Developing Countries,3636013.0921,3698484.2126000000,3738566.8651,3755192.3173000000,3863464.0387,3886718.4967,3984120.8211000000,4076538.6132,4180359.7962000000,4023502.5028,4164690.4427,4547048.1902,4655016.7617,4738503.159700000,4650488.8106000000,4629453.4844,5026102.7342,5137853.7217,5316654.13,5342605.4253
Lao People's Democratic Republic,117556.983,90076.24180000000,90407.0717,90598.8266,90831.869,91038.00840000000,93186.02,93302.67780000000,94493.901,96408.5621,97410.1059,85737.5861,86311.1184,89187.9973,88921.465,103810.8524,121060.1398,133072.9021,137109.919,143168.0456
Latvia,-27080.064600000000,-31088.3546,-28790.9124,-25974.559900000000,-17952.061400000000,-16397.787,-16174.725600000000,-14021.241000000000,-16636.864100000000,-13100.536800000000,-5224.706700000000,38123.6958,35531.3141,37026.5446,44076.1602,63844.2085,36935.1865,33894.4523,36819.7079,36517.5919
Least Developed Countries,6659172.1842,6778371.305,6791664.6037,6835855.001,6876864.0374,6874200.517,6927349.2017,6956760.7276,6971544.1799,7031817.9712000000,7102941.0385,9051816.0488,9077441.984,9154143.2942,9255706.082,9276629.7834,9468577.9186,9533417.4318,9631441.6071,9692929.3046
Lebanon,53348.5773,57078.7981,56058.6035,63539.4219,58186.5968,55880.639300000000,49242.4686,46488.0216,58840.3908,72267.5522,67169.8628,64196.0623,74102.5251,71648.69590000000,80712.80040000000,86995.00570000000,89254.7878,93427.7989,65918.59970000000,65675.4087
Lesotho,4634.6501,6110.7791,6179.6444,6276.9208,6449.1249,6518.3134,6627.6142,6805.1287,6969.1281,7302.0263000000000,7543.121500000000,7817.84,8129.3291,8208.2023,8216.9702,7933.8443,8068.317300000000,8647.4038,8645.6052,8683.367700000000
Liberia,-412.3120000000060,96759.414,96684.11780000000,96618.7138,96896.1408,97284.78510000000,97361.821,97174.8039,96852.6084,96701.2343,97670.5163,98001.4314,98367.364,98132.284,78824.503,99298.2969,99857.1011,96204.6274,99730.6471,99811.9536
Libya,193675.13200000000,200637.02540000000,190553.1076,188667.1746,190752.9872,204570.4797,204616.9878,187732.45870000000,198749.533,208471.356,222598.5467,145480.41750000000,187164.2196,204805.8069,198438.7911,169975.7131,153061.13930000000,161325.311,184014.3908,185343.8585
Liechtenstein,768.2329,747.3149000000000,751.9881,760.9958,762.8493,769.4918,799.2952,703.4751,773.9898000000000,763.226,662.7368,536.7398000000000,552.1734,579.7056,479.72980000000000,470.1459,418.851,454.82940000000000,439.9135,437.87300000000000
Lithuania,75576.14380000000,82276.44470000000,85409.6528,87741.5049,89337.3771,95147.63460000000,93397.8894,98010.7086,97726.4947,83780.9666,82986.8784,67921.5904,69600.3785,70911.9975,75490.1277,78167.0525,96080.60770000000,101999.33540000000,100808.0583,103047.684
Low Income Food Deficit Countries,10483902.4097,11810034.7288,11908484.5829,12161881.5548,12466237.1306,12689127.4632,13050157.0164,13348902.3899,13878971.5683,14388599.1621,14582080.543,15619876.296,16177911.021,16633567.5138,17419280.3933,17673033.619600000,18653949.3268,18995161.0086,19687192.426,19942006.677700000
Luxembourg,25197.939,26922.4341,28725.0013,30246.113900000000,34625.9945,35596.5136,34769.394,33639.2551,33142.9105,31509.1129,33799.7543,34299.71,33388.81,31407.3974,30219.1731,28816.362,27838.8932,28988.5613,30521.7495,30841.5386
Madagascar,-26585.17240000000,169222.0576,167270.4292,168592.6135,168612.6437,-161213.55650000000,-182520.74730000000,-195876.50390000000,-188359.82320000000,-181635.11360000000,-38562.462200000000,79924.7937,81209.6214,82549.107,82188.5898,83526.9219,75066.64750000000,76844.1115,77466.2326,77423.6647
Malawi,59068.2686,58894.321800000000,59105.4052,59148.82,59013.4676,58994.385500000000,59093.628600000000,59282.7334,59786.6464,59844.7028,59664.2644,60131.3047,60003.371,60050.0254,59335.4312,59464.1959,59957.048200000000,60419.778300000000,60712.9518,60683.1518
Malaysia,621114.4923000000,732611.5271,766762.4852,829649.0135,942522.9613000000,777694.5109,889226.2696,995835.1685000000,1010012.571,1094113.0420000000,1083326.0502,-155122.56670000000,362053.7313,446580.7619,302376.78240000000,464865.47620000000,1126613.1294,1318381.184,1374531.8204,1405125.383
Maldives,1658.45,1680.7307,2169.9422,1861.7185,2473.8474,2223.3721,2804.4649,2867.5717,3102.6893,3267.9548,3424.7931,3672.4909000000000,4135.6265,4020.2366000000000,4857.1251,4718.058300000000,5222.156300000000,5413.6248,5611.2117,5803.2138000000000
Mali,-60987.63790000000,17476.0314,17545.1693,17552.9688,17729.147100000000,17883.7942,18384.6797,19135.9269,19971.5928,20788.617,-223725.5426,9874.4808,10384.8062,11686.3093,12907.603300000000,13491.6636,11866.633700000000,12077.9279,13700.329600000000,14132.6304
Malta,6987.835,8151.617,7545.1162,8443.3906,8467.7247,8827.7145,8501.9995,8945.5559,8480.621500000000,8188.5287,8726.3626,8636.8883,9147.4225,8188.5023,8236.9752,6076.3289,5160.5735,5841.5564,7988.143,7962.8794
Marshall Islands,371.49580000000000,386.2111,411.6885,401.32,437.79560000000000,430.49440000000000,455.8673,475.0751,486.2771,512.5164,535.0357,551.4466,536.5093000000000,550.5095,569.264,570.1135000000000,567.512,578.8967,603.9507,658.7041
Martinique,-94.4264,-260.0376,-253.9252,-251.6316,-253.1428,-239.3892,-236.78280000000000,-222.69360000000000,-211.64160000000000,-205.0324,-210.7012,-440.6032,-436.21680000000000,-429.6308,-433.948,-431.7044,-425.87920000000000,-423.8116,-421.744,-419.6768
Mauritania,6697.5677000000000,8817.4655,9138.8089,8760.5714,9236.3985,9323.4322,9710.5913,10377.7235,10499.4008,11360.6231,10353.371200000000,11882.5486,12812.4248,11995.3113,13478.7362,14165.8042,8662.2549,12367.327100000000,10001.7258,11401.156000000000
Mauritius,9891.6914,11278.1338,11320.8109,11423.7793,10720.0177,11413.9679,12263.2712,13177.6582,13510.3734,13364.7115,14024.6564,13617.5277,13746.2103,13494.167300000000,14440.788500000000,14522.5049,14803.9401,15426.1878,15615.4954,15924.1847
Mayotte,493.1714,217.7604,218.40120000000000,221.8462,225.0728,231.2974,235.27700000000000,240.073,248.784,253.9532,254.4092,108.9263,111.0331,112.7601,117.3865,119.8219,136.9758,139.2382,141.5006,143.763
Melanesia,204633.1435,195321.2897,197438.0931,198319.8107,202030.9841,200888.4,200122.11800000000,205152.335,197525.0171,195813.3982,195683.6154,169409.13700000000,168157.3494,169906.7352,174083.1824,175186.6397,434692.7505,437391.2955,440095.6876,444785.4385
Mexico,1659983.4267,1304699.3085,1300637.3864,1384875.2655,1365924.4969000000,1454549.3179000000,1502546.2871,1534490.3745,1679707.2571,1582398.7008,1491485.9691000000,1870001.2357,1863495.1413,1879223.2982,1837152.884,1798456.6635,1842280.0278,1800268.2855,1777437.7285,1728935.9812
Micronesia,4203.5284,4266.4271,4183.1407,4222.8757,4273.4163,4293.8161,4383.636,4484.5418,4353.0359,4627.9271,4604.0082,3842.3415,4229.0601,3929.9751,3736.8653,3710.8361,8418.2375,8466.7818,8581.5998,8887.7024
Micronesia (Federated States of),863.4789000000000,1485.6413,1460.3882,1499.7178000000000,1485.6331,1418.766,1415.5943,1454.2202,1376.4054,1536.8996,1356.6174000000000,367.39960000000000,405.7974,452.3689,457.9878,478.7123,452.99440000000000,449.9323,473.7848,524.2219
Middle Africa,3413705.0263,3561940.6903,3557435.7286,3574269.7206,3571389.5337,3573140.0135,3578838.0588000000,3583418.3014,3593421.77,3603458.7034,3616189.3936,5292723.2906,5295496.6560000000,5300854.1191,5346512.9209,5314052.4927,5304839.0921,5300171.0943,5297179.9444,5300478.8342
Monaco,345.6096,354.41700000000000,355.2273,343.8388,329.79450000000000,323.2363,305.5143,307.0509,304.1469,285.16370000000000,282.781,283.0074,288.9808,289.1691,274.2998,280.5056,274.9163,270.8384,275.7223,263.5144
Mongolia,165271.6082,164834.1009,166409.68970000000,165888.5872,168005.8383,168223.8616,194557.1613,180642.8627,180247.36070000000,184046.106,187271.5037,205129.57940000000,247360.905,273768.4673,255074.486,235321.8478,240998.3697,268444.7101,275231.9747,285167.8794
Montenegro,0.0,0.0,0.0,0.0,0.0,0.0,-10986.261000000000,-11338.917400000000,-9509.466800000000,-12964.1493,-10310.553400000000,6895.3562,8255.2197,7772.8464,7752.7816,8167.3364,7446.3725000000000,7742.5023,8139.0087,8056.1428
Montserrat,160.4744,0.5324,2.486,1.0376000000000000,1.6140000000000000,0.778,0.8152000000000000,0.9264000000000000,2.7524,1.6516000000000000,5.8636,1.6000000000000000,1.7156,4.2984,3.0228,4.3296,-1.0352000000000000,-1.7200000000000000,-1.6104000000000000,-2.2240000000000000
Morocco,103267.4265,114876.7185,119575.00590000000,118066.2977,136771.48930000000,144945.9582,153293.9522,163957.9828,171036.1938,171540.1439,189350.6569,204000.0725,216885.7343,219414.5893,222749.0348,228798.62420000000,228842.8744,239132.438,244008.67500000000,259956.5448
Mozambique,343441.0738,350311.6493,350301.789,352023.6996,352729.2297,352429.3761,352925.8592,353954.2832,353697.8514,354642.6016,355379.1304,333928.19280000000,333962.88910000000,339276.6775,352630.9079,346790.907,404205.40990000000,406336.897,402874.7097,402032.3256
Myanmar,893187.5729,771663.6037,770228.8137000000,781823.2093,804768.9924,784427.3952000000,896649.6041,893425.4345,871954.4618,883684.6309,904249.1709,770109.4407,763689.4334,778874.4846,786227.1537,815860.1825,788671.5888,773853.723,809355.0796,807217.7455
Namibia,101288.9846,-16294.477800000000,-22091.638200000000,-22135.00120000000,83171.186,-19787.58920000000,-15965.116000000000,-12950.7321,-17462.613900000000,-6345.8775,-10159.479500000000,-8823.019400000010,-5820.861399999990,-27050.3571,-18115.4735,-19129.428300000000,-22763.4023,94429.9327,94027.9313,94345.4877
Nauru,317.08750000000000,298.004,282.5428,240.4044,244.062,238.0552,192.3995,197.5052,201.6173,186.17420000000000,205.4364,177.9193,187.0462,205.3512,214.3404,219.5522,178.092,186.828,193.9189,206.46590000000000
Nepal,-831.9895000000020,1315.0989000000000,-870.6478000000010,437.6626000000000,-957.9204000000010,296.84930000000000,-1579.9754000000000,-1366.8964,1420.7058,4243.769500000000,6534.091700000000,36521.3757,37294.608,39883.2093,44307.115100000000,41248.322700000000,52407.5695,58236.3539,63882.3639,66973.3375
Net Food Importing Developing Countries,11536682.1296,11192662.932,11334959.0578,11453091.0154,11472920.5756,11659233.5273,11806493.3861,11931615.1163,12041453.166100000,12153504.358200000,12352521.3548,14622603.7679,14776967.7898,14835971.5091,15007691.9873,15017051.5608,14817728.5445,15008366.2423,15075936.8626,15189037.5528
Netherlands,737439.7272,751417.473,750900.3067,758051.3213,761897.3202,747978.2452,737372.3783,734976.3525,732731.8668,719508.4898,764941.95,723074.1574,709666.6139,705225.4161,680350.7422,697494.4266,699609.9721000000,692081.1784,682257.4092,676342.5023
Netherlands Antilles (former),18790.5488,19155.343,18415.4473,18658.3806,19579.440300000000,19387.9803,20570.4924,22971.951800000000,22146.0569,22464.3764,16266.6831,17632.0008,20910.1008,18540.1008,20581.9008,22140.1008,19588.0696,18988.369600000000,19558.0696,20208.4696
New Caledonia,-577.8636,55.02000000000000,94.19040000000000,110.31720000000000,211.8336,395.02760000000000,600.2344000000000,914.5708,693.0396,643.1124,719.7716000000000,1153.6399,1053.9203,1097.1307,784.1717,630.6051,536.2223,461.51350000000000,470.0943,408.4097
New Zealand,-16177.282000000000,-1781.3474000000000,167.23820000000000,-3746.864500000000,-5445.2716,-9143.439100000000,-10361.727900000000,-12410.532500000000,-11669.733600000000,-12166.664900000000,-12926.183900000000,15996.040800000000,27984.621400000000,27503.039900000000,34872.838300000000,34697.472800000000,62677.8954,66016.4008,66314.17200000000,69382.2296
Nicaragua,194813.0419,179499.4205,179695.3059,180773.0885,180923.4246,180983.2881,181859.0464,182401.7241,181719.0948,182056.003,182105.0041,96897.2942,96116.6948,95834.5673,96711.80350000000,99012.5338,159618.9058,159373.6047,159149.2027,160596.8035
Niger,25579.9559,11776.2381,11851.3177,11755.1458,11944.213400000000,11618.0784,11591.2605,11688.314,-22615.753,12695.0632,13494.0315,13809.5401,15697.7669,16549.0565,17172.3062,16863.621,16903.527000000000,16771.2068,17709.4048,18170.7197
Nigeria,685125.6809,651275.9377,660824.4056000000,632682.2468,648090.0851,677192.1949,653429.5651,639100.514,638357.58,594414.412,714902.5890000000,763082.4052000000,721450.0674000000,734499.7702000000,757501.3934,712871.7928000000,733650.6838,775182.7382,821212.3561,824447.3908000000
Niue,39.4871,33.321600000000000,33.2809,21.9952,21.9424,21.8151,21.8266,21.7446,33.1189,-121.94600000000000,22.1224,14.8082,14.7059,14.7669,26.674500000000000,15.0333,15.602800000000000,15.5396,16.989800000000000,19.6307
Non-Annex I countries,60227925.4812,59017746.7209,63530060.5034,65041350.5705,70843121.35160000,71657451.35430000,76567891.3544,76338992.1179,79740954.2139,83711266.5016,84303484.5815,85615223.8388,87746787.317,89956563.2614,93175758.1417,93649902.2922,91415475.8235,93077346.9932,96168034.23460000,98639898.7489
Norfolk Island,-0.28,-0.7884,-0.7884,-0.7884,-0.7884,-0.7884,-0.7884,-0.7884,-0.7884,-0.7884,-0.7884,1.8812,1.8812,1.8812,1.8812,1.8812,0.51,0.51,0.51,0.51
North Macedonia,37802.7266,37356.8148,33593.1602,36290.999300000000,36393.133,36479.9695,35687.4024,32791.990900000000,32138.6174,28183.4715,29619.5037,32639.6175,29024.442900000000,25677.187000000000,23349.577400000000,25328.7918,24848.7345,26584.1256,25095.033600000000,28209.2921
Northern Africa,1454317.0568,1411172.5513,1447418.4564,1504471.3151,1532909.6975,1681822.5393000000,1707086.2309,1774790.7668000000,1814109.3058,1888777.0035,1932313.9877,1951941.7685,1972956.2456,2067757.28,2167159.3205,2174140.5819,2172148.2923,2270956.6925,2320848.5254,2367553.6241
Northern America,20226712.2428,20700059.9088,20781805.8659,20989954.3511,21312244.998,21436697.9216,21208758.850900000,21477615.5869,20865930.307,19585029.089900000,20014427.6745,18786040.6833,18147889.0099,18579645.0784,18841250.6614,18615118.2881,18747528.5912,18707640.4752,19241604.0172,18816183.1947
Northern Europe,3122625.0287000000,3236308.9391,3197139.6334000000,3287153.6182,3262681.9121,3217686.9945,3277433.9822,3228080.9268,3203563.1861,2960337.4008,3099002.2106,2628011.603,2651246.7051,2632636.6801,2495447.6448,2430898.406,2648210.2849,2602187.3205,2591472.5077,2517811.1374000000
Northern Mariana Islands,1014.0734,1012.0521,1012.0521,1012.0521,1012.0521,1012.0521,1012.0521,1012.0521,1012.0521,1012.0521,1012.0521,1178.7003,1178.7003,1178.7003,1178.7003,1178.7003,6610.8867,6610.8867,6610.8867,6610.8867
Norway,86953.23820000000,59279.539200000000,45762.3107,65327.859600000000,58367.091400000000,61147.3487,62307.053500000000,62596.1611,95397.67320000000,85386.7774,75702.07980000000,68833.3639,82417.26820000000,89234.5521,95002.2594,99871.5393,79319.77280000000,99003.9049,98833.3505,90260.5719
OECD,43488249.4858,43220572.4449,43425186.1778,44075421.7509,44566484.2208,44686367.5868,44701690.5275,45040267.5482,44334782.7571,41629717.1806,42859932.5706,41266815.6918,40608632.3397,40837439.9546,40405926.6898,40191636.8068,41243578.5891,41340818.2416,41684057.715,40637590.936800000
Oceania,1796220.8992000000,1729451.5630000000,1782114.9721,1773401.9055,1801505.4089000000,1824542.1044,1871832.5879,1904096.5219,1938667.0114,1965944.3585000000,1974478.5979,1499852.1144,1484090.6625,1453684.1719,1433677.2438,1447790.1933,1876382.2868,1871177.5317,1871188.2506,1901432.2228
Oman,74102.602,67673.5228,83705.6787,106562.0459,93246.1087,105266.8955,138876.9986,160033.9488,158245.3698,154150.776,175426.2192,202645.1956,218365.58120000000,241606.4708,241399.1017,250826.5834,249058.7466,265541.4835,272115.2374,273325.2093
Pacific Islands Trust Territory,0.0,0.0,0.0,0.0,0.0,0.0,0.0,0.0,0.0,0.0,0.0,0.0,0.0,0.0,0.0,0.0,0.0,0.0,0.0,0.0
Pakistan,449016.9343,447717.1153,472714.4447,487618.9873,529413.2269,542934.4079,577566.1167,624592.2084,620980.1361,631364.7591,624306.3715,615071.5151,609794.3153,595745.4572000000,610266.0773,664853.6277,783294.013,882643.3455,917237.4118,945168.3712
Palau,841.4813000000000,967.3871000000000,860.6309,898.3671,908.8525,874.7491,1061.4203,1128.1634,1031.8315,1166.3589,1267.4413,1348.2539,1713.7491,1329.1353,1085.6939,1015.3163,983.8657000000000,1005.2396,1050.7596,1211.9706
Palestine,39.4152,43.8814,41.4259,46.275800000000000,67.0886,57.6628,65.4466,58.9314,65.1066,69.2226,68.5524,123.1042,164.0654,247.3505,233.96030000000000,277.0331,245.2644,200.5201,176.311,164.781
Panama,55347.6184,55139.662200000000,51634.496,52732.957500000000,51417.8013,55230.6706,57411.1921,57319.1768,57655.174100000000,61233.715,63589.8399,65205.4666,64834.697100000000,70056.0439,68258.2098,68417.2544,67106.721,72094.0143,69173.54060000000,72407.3623
Papua New Guinea,14034.459100000000,197833.5512,197836.0668,199508.2862,201030.3559,202047.156,198349.65600000000,204582.8758,198153.5529,197527.8747,195855.9069,249890.2832,251297.0528,254243.3551,255740.0188,244059.9232,253274.6862,255089.83660000000,257245.9517,261088.85090000000
Paraguay,375741.747,447157.6308,447649.3211,447363.1186,448055.68820000000,522402.8423,457265.0248,458424.3305,460802.3685,457289.6351,459143.3447,634167.2661,680911.2471,560513.4374,526602.4322,543183.5621,355737.9541,373536.4875,355569.5286,355192.8813
Peru,644047.5339,583732.3244,584065.5142,581361.7959,595718.6275000000,601852.5894000000,595242.4186,613102.726,617753.3593,632477.6509,682152.5399,795578.7248,887767.0861000000,799391.9242,818683.0592,818622.3808,819267.7819,819462.3786,826315.4239,831740.7897
Philippines,215196.7956,318267.80820000000,319898.0675,318715.30830000000,327741.84990000000,326778.45390000000,306495.8981,328866.69040000000,350452.39270000000,350294.8254,369002.7321,302470.0521,318616.5742,339778.05800000000,358048.8588,391322.8777,428514.1671,467888.3203,487018.073,509864.92480000000
Pitcairn,0.0,0.0,0.0,0.0,0.0,0.0,0.0,0.0,0.0,0.0,0.0,0.0,0.0,0.0,0.0,0.0,0.0,0.0,0.0,0.0
Poland,1123330.335,915984.6297,883299.0258,896400.0609,872811.0989,879001.8213,938299.364,936543.9443,942999.9813,882713.7167,953410.389,1120669.409,1072019.3784,1077057.7131,1043931.9893,1066466.928,1083146.4256,1113209.0951,1131984.379,1112594.6233
Polynesia,1130.3737,1551.2852,1580.0745,1670.317,1727.5688,1834.4906,1891.6965,1941.3984,2027.1980000000000,2106.0279,2180.3796,2386.7542000000000,2426.8881,2518.7106,2578.1465,2699.5772000000000,2701.9526,3000.4423,3128.1265000000000,3330.4199
Portugal,225656.69400000000,201403.6274,217776.1383,215036.2235,215339.7158,234185.8736,204928.9535,196659.064,182596.0095,175309.67980000000,163344.79320000000,155614.0397,152187.9532,152609.9101,149215.3341,163036.16500000000,167491.7037,197214.9243,168116.828,158438.1726
Puerto Rico,-4214.9242,-8315.3743,-8330.1464,-8410.6645,-8417.4325,-8430.3264,-8450.430500000000,-8457.4647,-8471.5627,-8478.5758,-8492.8145,-1814.1570000000000,-1814.0868,-1821.2146,-1799.6787000000000,-1799.6259,-10194.0411,-10194.0912,-10194.2352,-10207.074500000000
Qatar,126892.0932,146830.4412,145146.1841,168490.9834,175068.55,181088.2268,215718.2168,218194.3463,232550.4544,248955.3687,261310.22020000000,290888.87560000000,345216.49600000000,336650.66260000000,409349.5777,407739.0096,393963.4203,353668.84330000000,360720.7302,395673.0735
R?nion,83.01510000000000,121.84910000000000,102.9879,81.55080000000000,95.4043,100.38740000000000,136.30750000000000,184.77160000000000,196.9416,226.62420000000000,242.8109,-138.09960000000000,-147.27500000000000,-142.166,-144.32070000000000,-136.36270000000000,-203.6859,-199.80680000000000,-195.9278,-192.0487
Republic of Korea,1353913.3677,1298208.2153,1352174.2617000000,1347158.1677,1389170.0308,1344199.143,1354309.4981,1439468.3419000000,1481474.2498,1489121.7919,1680935.9736000000,1805742.4896,1809924.3855,1829178.959,1830301.4774,1848013.663,1957195.8235,2007145.7828000000,2050530.2435,1984711.9773
Republic of Moldova,12950.7914,13348.4954,14241.6834,14955.1347,16789.9346,17492.4931,17510.7405,15195.2608,19034.78,15315.1768,17193.931,18193.7985,15512.5853,18436.057100000000,18165.7229,18106.5098,20908.6139,22105.6717,26040.3337,25211.2412
Romania,256445.8015,262876.06700000000,269542.0245,281162.0706,273525.37790000000,268119.3195,289462.93200000000,284754.02140000000,264703.6496,217781.4323,210623.46510000000,-892183.1559000000,-904409.5131000000,-930842.2717000000,-934313.6419000000,-932192.6419000000,119920.8784,139254.2036,146449.6876,136697.9608
Russian Federation,3264749.8050000000,1407512.6309,1310952.3876,1465686.9595000000,1580235.9775,1789424.9610000000,1931757.6116000000,1923758.0624000000,1989982.2475,1415778.3626,1560653.9403,2330020.133,2399823.5813,2322724.7639000000,2367241.1215,2401856.4216,3107646.5881,3145205.2854000000,3371023.245,3395501.1708
Rwanda,21260.9932,19541.4322,12439.6758,19321.7736,19187.4866,10661.709200000000,19191.0879,19354.6982,19332.7875,19430.5973,19470.7025,13280.726,13512.834500000000,13714.6232,13843.7076,14214.664200000000,14005.512200000000,14030.2616,14206.353300000000,14192.5419
"Saint Helena, Ascension and Tristan da Cunha",43.9324,52.346000000000000,51.8219,46.8674,41.8135,43.734300000000000,43.3274,44.7045,44.3587,45.1125,45.563500000000000,44.5875,44.9352,45.8611,46.3865,46.2138,45.2071,43.5818,46.7345,45.1945
Saint Kitts and Nevis,537.6596000000000,549.0886,616.0738,615.8536000000000,661.4003,614.601,627.3583,669.154,669.2357,693.2708,681.142,714.0212,680.7644,692.9669,713.9762,725.8158000000000,734.8375,758.6339,782.5818000000000,806.6692000000000
Saint Lucia,625.3864,794.4397,608.5332000000000,862.6339,861.124,678.2344000000000,859.5449,633.0656000000000,652.217,748.9626000000000,749.8551,648.6805,638.4012,581.621,701.4874,731.023,659.7383,728.2672,767.1045,806.1937
Saint Pierre and Miquelon,21.449300000000000,21.4149,22.3313,23.558700000000000,22.629300000000000,24.1811,24.6659,25.5919,25.668900000000000,26.042500000000000,26.435300000000000,26.7793,27.5403,27.2519,26.7755,26.8947,27.4599,27.6529,24.1687,23.647100000000000
Saint Vincent and the Grenadines,314.2034,650.7788,676.5108,712.7202,757.4345,792.943,778.7168000000000,916.73,698.8579,1087.7451000000000,789.2207,736.9049,916.1115,786.1573,990.3769,807.8261,918.3613,921.4209000000000,952.8134,989.4222
Samoa,1229.5663,1242.6569,1245.0502,1267.6561,1255.7104,1295.1888,1307.5458000000000,1327.7070000000000,1354.1744000000000,1393.0306,1405.9443,1477.6283,1459.8629,1460.4289,1498.8275000000000,1609.1673,1621.7507,1782.8565000000000,1839.967,1930.9092
San Marino,663.8502,668.9135,674.9498,704.6357,716.7716,723.6146,721.8059000000000,715.3885,701.1308,630.9302,636.6289,638.054,598.1657,539.3477,502.1027,521.0591,523.4679,521.0142,514.3995,466.7685
Sao Tome and Principe,222.8306,233.5779,258.6445,281.9583,307.5656,320.153,345.6589,347.7164,350.9279,375.668,400.6299,1858.0515,1568.812,1895.9421,1896.0615,1898.4818,1921.8377,1936.1719,1920.2398,1921.6851
Saudi Arabia,1036444.0361,1075600.3766,1176413.6835,1188118.7482,1405325.5042,1426489.7349,1545645.5577,1447351.0705,1608265.3741000000,1724620.0838000000,1891546.2885,1866978.2765000000,2072495.0539,2024205.9732,2217808.3823,2369212.7134,2115765.6653,2146960.6719,2137505.1101,2092680.5938
Senegal,38102.5107,53906.691900000000,54523.0264,55940.5182,57064.018,46334.3585,54527.8957,55624.2175,55280.0558,55893.0318,63804.9299,57859.8275,56389.1025,58176.2774,61549.0836,65199.204,65598.5853,63763.7489,67179.5473,69228.7968
Serbia,0.0,0.0,0.0,0.0,0.0,0.0,61116.985100000000,59324.81090000000,55318.9576,37939.18550000000,42407.0274,191634.4134,175078.47820000000,176610.7402,149578.7646,173103.5954,203203.1691,202468.9447,203045.395,203428.4713
Serbia and Montenegro,132615.6742,1570.934399999990,11352.305900000000,21770.954400000000,36343.718100000000,9985.152999999980,0.0,0.0,0.0,0.0,0.0,0.0,0.0,0.0,0.0,0.0,0.0,0.0,0.0,0.0
Seychelles,1106.5535,2132.822,1841.0773,1867.0754,2480.4743,2318.9940000000000,2458.2568,2160.4325,2322.1727,1886.9792000000000,1666.6409000000000,1263.5929,1583.7548000000000,1284.6805,1799.9006,1792.7675,2182.4984000000000,2141.3523,1670.0412000000000,1630.5518
Sierra Leone,24962.8795,25710.0524,26104.2719,26014.5681,25958.8053,25599.8587,26266.944,25902.0798,25956.4547,25970.5459,26104.604,26678.1308,27080.5409,27704.8837,28108.5992,27307.5017,27418.5591,27395.9712,28015.3456,28096.747
Singapore,161905.5655,166451.22150000000,161314.7736,170922.9011,165419.2363,133450.95800000000,153923.5997,171630.718,200418.8655,302744.6936,203864.0721,124766.6655,179091.2073,205188.4153,209854.8269,231886.4799,160235.5455,160849.85380000000,157604.7972,156599.3347
Slovakia,70398.19620000000,84422.0433,84162.92260000000,84733.8469,84659.1103,92422.4721,85900.7383,79720.5812,85292.3092,73107.177,82794.74800000000,77982.5592,69837.2071,69202.33,65675.02350000000,67096.60570000000,96610.2414,102194.4198,101581.1269,91567.7938
Slovenia,2599.2285000000000,-1873.612000000000,-3650.858400000000,-3071.4297000000000,-2086.0928000000000,-1707.4423000000000,-586.3916000000030,-1476.5331000000000,1960.7885000000000,-5384.887200000010,-4847.106100000000,37119.9355,35629.7764,36783.877400000000,44562.9084,45037.1809,54085.2645,55795.8583,56535.5426,48083.6969
Small Island Developing States,909523.2342000000,897806.2903,917858.365,946648.7932,950264.5564,958766.834,1020256.7284,1065213.4005,1099027.5677,1184438.6687,1119054.231,1114995.2044,1155550.4895000000,1193992.8089,1196110.2533,1234796.4546,1432244.3084,1434237.756,1416016.9093,1424520.7283
Solomon Islands,17128.6673,8165.0764,8199.4661,8235.874,8292.3295,8320.7394,8346.3483,8382.2578,8409.9619,8472.648800000000,8524.8325,-69495.5933,-69492.5319,-69392.6415,-69531.9604,-69645.6662,183354.268,183355.3878,183414.1834,183511.9529
Somalia,123362.9922,123484.5625,123806.74370000000,123733.9933,123584.9101,123580.249,123602.135,123727.3709,123700.4984,123702.05580000000,123748.4993,123770.4506,123741.7229,123794.8591,123795.0652,123811.00370000000,123829.4406,123835.9619,123950.62540000000,123916.84450000000
South Africa,1538327.4777000000,1448642.1738,1412295.5437,1565703.688,1723797.1090000000,1671906.8698,1774817.1019000000,1843345.9406000000,1937084.4188,1931092.0129,1789934.0149,1794738.4098,1774052.4869,1767974.0395,1850246.6524,1718979.5093,1760212.9348,1772390.1041,1757507.6701,1801184.1227000000
South America,14975558.8494,15652832.7504,15679476.2764,15707521.9922,15757983.2393,15891912.6516,15913919.4889,15982242.608100000,16215084.111300000,16133479.6953,16442907.613800000,10529152.9331,10747807.3512,10851997.3458,10965498.947,10814237.0831,10399755.7976,10338549.893,10247993.5873,10205277.706800000
South Sudan,0.0,0.0,0.0,0.0,0.0,0.0,0.0,0.0,0.0,0.0,0.0,0.0,74084.9445,74507.9971,74616.3207,76204.1038,81974.2816,80957.2874,80884.3655,79763.46400000000
South-eastern Asia,8869087.3432,6290407.1202,9009931.3658,7295435.1257,9442125.268,8016999.6628,10118793.1208,7352408.333100000,7549469.2267,9906240.8878,7899317.7141000000,10641530.2771,10917156.5926,10595788.8887,12587163.0229,13179893.352,10306203.8649,10067010.1618,11445665.444,12988351.9567
Southern Africa,1919866.6366000000,1832339.9779,1794903.9788,1947827.6305,2106868.5176,2057358.9153,2161519.0719,2231355.6153,2330353.3924000000,2321958.7528,2183534.4072000000,2185366.3306,2170931.092,2164555.2740000000,2254913.5256,2153898.5786,2181646.4911,2196319.1264,2181089.5957,2225652.3569
Southern Asia,5013195.1249,5984490.1616,6102682.2363,6372893.581900000,6769056.8386,7071236.520500000,7562663.5916,7900715.3449,8452997.7614,9119038.2346,9311428.4203,9560154.6045,10201406.4505,10599395.766000000,11439178.0614,11722633.386500000,12310498.347200000,12885378.9268,13452790.1316,13668613.2716
Southern Europe,3250281.3527,3191929.3581,3284829.9077,3386793.5587,3488001.2647,3527261.3235,3493934.1441,3501254.6923,3356562.5455,3003049.9201000000,2930671.5864,3139665.3273,2990261.787,2804900.4433,2676775.2559,2788345.0778,2859965.4751,2911612.3817,2936507.9670000000,2867432.1359
Spain,797183.9904,893197.5156,951094.9475,982737.4074000000,1039419.9497,1078717.1078000000,1045427.9324,1076949.275,987532.0117000000,860394.1383,806547.4271,858417.6039,845698.4585,768003.0756,756555.4309,805752.6077,769303.7494,838380.8459000000,829414.8473,788840.2513
Sri Lanka,60832.8912,52945.939,54758.506,55119.5623,58981.5845,58859.846300000000,58350.7353,59667.3831,59063.7561,61752.8667,62826.745300000000,60115.1575,62998.6386,59316.9337,68353.22690000000,75403.5377,90977.1813,91858.51940000000,89454.8659,95603.1734
Sudan,0.0,0.0,0.0,0.0,0.0,0.0,0.0,0.0,0.0,0.0,0.0,0.0,206895.1847,213725.6898,216321.98820000000,227956.392,221535.2145,229399.1558,232914.2954,231877.0289
Sudan (former),238646.18480000000,242423.2661,248509.5735,251547.62410000000,258540.1662,257759.9534,261167.9607,269696.7052,270404.5212,271870.3173,272555.2014,267319.5685,0.0,0.0,0.0,0.0,0.0,0.0,0.0,0.0
Suriname,33804.7793,36806.6512,33377.0567,34394.4627,34189.6442,34337.7042,34664.7135,34463.5908,34958.1295,34916.8816,36276.7838,65363.508200000000,67195.8734,67185.3235,67533.9635,67173.3672,73458.1651,74113.9784,75405.9862,75396.4379
Svalbard and Jan Mayen Islands,0.0,0.0,0.0,0.0,0.0,0.0,0.0,0.0,0.0,0.0,0.0,0.0,0.0,0.0,0.0,0.0,0.0,0.0,0.0,0.0
Sweden,241867.71360000000,198690.4131,219966.3799,218675.0363,230933.8806,227888.17070000000,208673.9287,215148.6936,210688.0564,189000.6776,216063.06050000000,141826.9842,126037.4581,122304.21720000000,120667.41540000000,104093.405,129946.58670000000,123090.887,124352.92190000000,133369.8336
Switzerland,153783.0247,149738.6665,138991.6133,137893.5504,139126.842,142396.9669,145748.6122,135123.3922,140389.9165,142194.6178,135451.8175,130604.0054,130715.74720000000,139153.84280000000,126450.5643,122655.4511,118979.046,119879.35010000000,117364.1662,118906.80040000000
Syrian Arab Republic,161397.3238,157749.8274,130513.84900000000,175311.747,165809.7007,165619.0832,176981.7173,227976.33860000000,233062.1326,212648.1809,209660.625,191972.5173,150107.78340000000,120226.3585,100504.4672,95713.1325,100416.3019,95106.4739,127551.254,128621.6026
T?kiye,616516.4067000000,430272.8516,460788.5037,508427.3286,534746.8636,574725.7046,669231.727,756135.3336,760779.1271,752298.4931,798635.925,808535.0234000000,815943.556,785718.2061000000,840229.4769,809220.0832,1010863.6514,1134134.7452,1134116.1618,1114338.7657000000
Tajikistan,7560.46,6302.8845,4897.2716,5574.2545,7540.5981,6904.4580000000000,8016.4241,9936.1295,8657.5151,6934.088,7148.4993,7898.6895,9776.7173,9625.7564,13206.092700000000,16777.9361,22808.6867,26387.1326,23022.5492,22223.0159
Thailand,699549.8687,527616.1523,564824.5768000000,594629.1616,654993.4918,663472.0974000000,677696.7842,700384.0456000000,685350.525,728967.211,780161.8883,1026676.1619,1088141.0859,1050342.8730000000,1130370.7559,1139551.5744,1130602.582,1141495.7697,1157901.505,1141624.3430000000
Timor-Leste,4445.7878,4112.823,4107.8788,4090.7773,4874.1458,4351.101000000000,4341.188,4263.616300000000,4264.2091,4385.4399,4546.0893,4471.3731,5294.8478,5685.243600000000,5662.7896,5546.314900000000,5414.1192,5460.2311,5231.4602,5625.637
Togo,31726.309,11454.5015,12102.0448,13794.4004,13515.0204,24157.7005,12715.1513,12794.0439,13018.1585,17458.9247,16918.6097,16504.6451,15470.042300000000,15215.0715,15562.3326,16745.5855,17907.0277,17405.2019,18862.6025,19148.2385
Tokelau,0.0,0.0,0.0,0.0,0.0,0.0,0.0,0.0,0.0,0.0,0.0,0.0,0.0,0.0,0.0,0.0,0.0,0.0,0.0,0.0
Tonga,-1504.1393,300.6724,348.2389,397.1068,373.2969,385.66640000000000,-1257.2109,383.8021,410.738,464.697,418.5045,378.2703,386.35040000000000,457.9776,440.83820000000000,452.3518,468.5118,562.4645,586.6928,638.4589
Trinidad and Tobago,142295.477,154788.85130000000,156082.3052,171304.3359,177980.316,202852.3028,226509.4943,232540.1579,223878.0261,232422.5644,242938.2707,239551.4109,230797.6706,225514.489,228323.3773,224932.5853,207490.9767,211061.8352,204317.1664,197810.67360000000
Tunisia,68601.8655,71978.6416,71386.15360000000,72647.5043,75704.3912,77304.7674,78956.3138,82825.1464,87963.0437,89361.3865,97970.6152,112142.9197,117777.1711,119197.2975,122316.6023,126204.564,94170.3435,95181.9274,82186.0073,84711.8059
Turkmenistan,130014.81,130356.50470000000,137121.11800000000,152672.8788,159935.2388,166348.2532,171235.6512,193846.3615,204961.8921,180861.6618,203450.1758,219779.3066,230364.758,244054.8653,249095.41620000000,255468.5123,255155.6995,251604.4358,271841.44200000000,290709.9525
Turks and Caicos Islands,254.05380000000000,268.4252,339.4643,355.95890000000000,360.5595,422.96860000000000,496.7333,573.1976,613.3979000000000,644.6315,657.4179000000000,663.2496,662.3386,683.1266,721.158,745.529,784.8936,840.1982,872.9351000000000,900.5938
Tuvalu,24.4699,25.311800000000000,36.3904,36.2798,36.193800000000000,36.1231,25.5727,37.6663,36.4393,37.7008,25.7544,25.959600000000000,37.4176,37.3264,37.5918,37.0831,37.1361,37.196,39.395000000000000,43.3561
USSR,0.0,0.0,0.0,0.0,0.0,0.0,0.0,0.0,0.0,0.0,0.0,0.0,0.0,0.0,0.0,0.0,0.0,0.0,0.0,0.0
Uganda,120735.6336,112292.402,112412.39270000000,112507.6707,112431.3854,114318.8049,115493.5764,117222.2067,117172.15300000000,117946.8866,119682.11970000000,120659.7481,119693.0577,120327.3831,121590.4551,123335.9315,124262.9323,125710.85680000000,125750.7977,127507.5304
Ukraine,1020101.9741,1109244.7524,1095026.5589,1210150.6626,1182285.4888,1154515.4655,1115324.3731,1095354.7078,1070602.6231,884966.4757,1034909.8179,1046503.3766,1068908.5377,1045482.1818000000,861444.8266,769069.9308,773959.3178,689711.4238,730224.7351000000,709031.7762
United Arab Emirates,377935.8351,358015.7851,312794.8815,385200.667,400112.2585,393261.5143,431237.7628,479933.22010000000,550922.8751000000,591750.4612,566304.7523,606664.4613,758829.7103000000,783715.2346,757679.1194,838894.9312,799072.6260000000,671662.316,655665.5266,656060.6289
United Kingdom of Great Britain and Northern Ireland,1930583.8958,1951017.8393,1893629.0408,1927398.5537,1926211.5042000000,1935808.048,1931987.7651,1891180.8876,1863616.7367,1694712.7744,1766038.0993,1627900.625,1700569.1344000000,1669253.323,1555113.1757,1513626.4739,1435458.6873000000,1393587.3434000000,1375537.105,1330329.5056
United Republic of Tanzania,372021.9205,373840.5213,375468.3039,375632.48250000000,376416.7597,380151.3485,381805.1731,381326.3817,382008.9141,381470.5712,385607.4818,388871.8508,393242.6665,395633.4048,395655.2791,398191.3447,483785.56090000000,485470.4388,486439.0665,491474.4771
United States Virgin Islands,171.00650000000000,-149.7236,-87.7614,-87.6086,-87.33180000000000,-86.89700000000000,-86.8614,-86.6783,-87.017,-87.04580000000000,-86.9642,-106.7895,-106.88070000000000,-107.1345,-107.26860000000000,-107.1918,-599.4471000000000,-599.4501,-599.3562,-599.2188
United States of America,16111902.653,15683187.6774,15846720.3511,15906155.6461,16402180.6631,16383882.9525,16035120.1416,16333674.7764,15785392.6534,14671655.4966,15062459.700400000,14514155.5769,13881657.4875,14302335.8149,14467265.346100000,14314475.0246,14682106.976300000,14678397.364500000,15157179.9438,14785252.7691
Uruguay,-44591.986400000000,-20318.841200000000,-33101.678200000000,-22085.836900000000,-29168.503800000000,-17760.2793,-22882.351100000000,-16840.237700000000,-13336.689700000000,-9919.895500000000,-22377.609400000000,1388.7391000000000,-3975.5537000000000,795.8753000000000,-5707.1091,-1562.1593000000000,10828.1843,18640.1443,25232.605,25132.6137
Uzbekistan,461933.8386,425063.0216,444965.8444,438771.8111,430626.2414,402569.0475,414600.47640000000,411975.99100000000,420350.907,362242.5072,352826.1238,422439.5216,425966.804,409746.6582,386175.84610000000,377964.8973,376697.5972,374548.473,405546.0475,408720.04840000000
Vanuatu,-7605.910100000000,318.9483,298.8683,299.723,209.6987,210.63840000000000,176.3634,350.5526,340.9884,446.2113,457.56670000000000,514.2831,441.72890000000000,411.1709,586.6033,509.4582,560.5011,529.2406000000000,570.5437,623.424
Venezuela (Bolivarian Republic of),1542094.1523000000,1213877.9256,1277398.7625,1275744.6068,1155802.8746,1201776.1725000000,1177119.7325,1142540.2939,1206314.936,1204154.3248,1258238.0651,1356882.0542,1423590.3212000000,1375151.9719,1372575.1396000000,1310365.612,817391.8658,748227.5128,696818.4501,660730.6123
Viet Nam,-92773.9255,279072.6472,324535.90250000000,333941.8585,382065.5944,402586.1484,410690.2184,417817.9656,457744.5933,491098.0988,522222.2487,426709.2258,403502.35350000000,406881.49810000000,497580.01770000000,567003.0764,558335.1379,629139.1175000000,748164.3917,878991.8896
Wallis and Futuna Islands,21.1118,22.853,25.7462,24.9634,25.201,25.183400000000000,25.177400000000000,25.1538,24.630200000000000,25.0026,25.119,23.8554,23.6106,23.5552,23.4586,23.457,3.7924,3.6124,3.5744,3.5336
Western Africa,1695485.4844,1647273.3535,1662050.0167,1626178.0215,1650906.3253,1681146.0534,1665920.5245,1657977.3396,1657563.9642,1618981.5042,1761829.5071,1627800.8331,1604027.5295,1625873.5471,1662771.9489,1634201.2306,1515820.5075,1555432.21,1624818.0128000000,1636156.9084
Western Asia,3545380.2427000000,3478551.0744,3579294.0044,3853538.0210000000,4152285.0998,4297619.9881,4571983.4564000000,4600879.7043,5019168.0698,5196813.9625,5452028.0493,5601130.217,6134723.1055,6095845.4388,6367786.9419,6594795.676,6584352.836300000,6657834.9211,6742477.0386,6677752.3950000000
Western Europe,5629302.0498,5784494.7242,5670827.653100000,5716353.9638,5705034.1276,5632927.0675,5632842.3442,5461286.523400000,5450710.7742,5164088.4659,5404011.7209,5136288.2539,5125687.6365,5198390.3174,4915056.380100000,4995508.3453,4997210.6015,5000324.895100000,4876240.5722,4702496.6456
Western Sahara,-2431.556,-1164.2088000000000,-1164.2088000000000,-1164.2088000000000,-1164.2088000000000,-1164.2088000000000,-1164.2088000000000,-1164.2088000000000,-1164.2088000000000,-1164.2088000000000,-1164.2088000000000,-531.0983,-531.0983,-531.0983,-531.0983,-531.0983,-418.2628,-418.2628,-418.2628,-418.2628
World,107435366.5995,104643199.17750000,109409564.9629,111818553.29190000,118435724.5362,119648123.5156,124781291.20570000,124946854.5827,127447564.4782,127835188.51910000,130118276.74200000,129224385.1719,130597115.1918,132833416.5088,135716348.9154,136070189.4209,136330285.49990000,138341201.3232,142134938.4699,143611510.8575
Yemen,54245.139300000000,61286.2807,61421.3133,67491.11010000000,73342.4331,76894.3369,82585.8255,83177.24310000000,87820.9894,90019.4844,82231.2277,72293.19930000000,63769.9868,94674.40670000000,92335.2476,47265.4198,36407.6206,35979.793900000000,54697.7653,56674.836000000000
Yugoslav SFR,0.0,0.0,0.0,0.0,0.0,0.0,0.0,0.0,0.0,0.0,0.0,0.0,0.0,0.0,0.0,0.0,0.0,0.0,0.0,0.0
Zambia,167934.0216,134431.198,134795.6896,134872.5082,134485.8896,134837.979,134930.7147,133506.6561,134370.9602,135235.9786,135704.3844,244372.9859,246683.2775,247439.08030000000,248616.211,248981.2561,184544.636,255180.53590000000,256778.7108,256667.3825
Zimbabwe,42235.2968,125760.6835,123549.7139,118894.6036,114425.984,120931.4817,40947.260600000000,123763.1555,114594.9381,109602.5877,112052.1925,115421.9436,109798.5673,120884.0684,121904.0855,122123.049,420399.41130000000,418687.9064,421116.9793,420173.768
em,0.0,0.0,0.0,0.0,0.0,0.0,0.0,0.0,0.0,0.0,0.0,0.0,0.0,0.0,0.0,0.0,0.0,0.0,0.0,0.0